Carimbo de data/hora,conjunto,fazer_pedido,pedir_cardapio,pedir_conta,escolher_entrega,definir_pagamento,feedback
04/04/2022 02:14:13,Conjunto de Treino,"Quero uma Calabresa, uma mu√ßarela e uma coca-cola",Me v√™ o card√°pio,Qual o valor final?,"Para entregar na Avenida Afonso Pena, no Centro.",Vou mandar um pix.,"Estava tudo muito bom, parab√©ns!"
04/04/2022 02:21:15,Conjunto de Treino,Quero duas de bacon,Manda o Card√°pio,Manda a conta,Venho buscar aqui.,Cart√£o de Cr√©dito,"Nota 10, estava muito bom."
04/04/2022 02:23:15,Conjunto de Treino,"Quero uma quatro queijos, uma presunto, uma baiana e duas cocas.",Quais op√ß√µes de pizza?,Total foi quanto?,Vou comer aqui.,Pagar com notas e moedas.,Demorou demais para a pizza ficar pronta.
04/04/2022 02:24:07,Conjunto de Teste,Uma mu√ßarela e uma coca.,Quero o card√°pio.,Quanto deu?,Quero comer aqui.,Cart√£o de Cr√©dito.,Muito obrigado!
04/04/2022 02:33:10,Conjunto de Teste,Quero uma pizza de Brigadeiro e dois refrigerantes,O que voc√™s t√™m a√≠?,Quanto vai ficar?,"Entregar na rua itupiranga, portal do panam√°.
",Pagar no d√©bito.,Valeu!
06/04/2022 05:48:45,Conjunto de Treino,"Vou querer 1 pizza quatro queijos e 1 pizza de calabresa, acompanhado com 1 coca cola. ","Ol√°, Me v√™ o que tem no card√°pio. Quais seriam os sabores da pizzas. Est√° dispon√≠vel esse sabor hoje.",Quanto foi o total do pedido?,Entregar para o Bairro Portal do Panam√° na Rua Itupiranga. ,"Vou pagar no cart√£o, voc√™s trazem a m√°quininha? ","Obrigado estou muito satisfeito, a pizza est√° muito boa e a entrega foi r√°pida. "
06/04/2022 05:57:14,Conjunto de Teste,Quero uma frango com catupiry. Para beber me tr√°s um refrigerante,O que tem dispon√≠vel?,Qual foi o total ?,Para entregar no bairro Z√© Pereira ,Vou pagar no cart√£o de d√©bito ,A pizza estava √≥tima 
06/04/2022 06:11:42,Conjunto de Treino,Quero uma de calabresa e uma coca ,"Ol√° boa noite,qual o card√°pio ",Quanto deu por favor?,Voc√™s estrega na rua x no bairro y?,Vou pagar no cart√£o ,"Muito obrigado,a pizza estava uma del√≠cia "
06/04/2022 06:13:53,Conjunto de Treino,Quero uma de calabresa e uma coca,"Ol√° boa noite,qual o card√°pio?",Quanto deu por favor?,Voc√™s entregam no bairro y rua x?, Vou pagar no cart√£o de cr√©dito ,"Muito obrigado,a pizza estava uma del√≠cia "
06/04/2022 06:15:04,Conjunto de Treino,"Quero 2 portuguesa, 1 4queijos e duas cocas",Me v√™ o card√°pio por favor ,Quanto ficou?,Quando estiver pronta venho buscar,Cart√£o de cr√©dito ,A pizza estava excelente 
06/04/2022 06:36:43,Conjunto de Treino,Quero duas pizzas por favor sabor quatro queijos e uma metade baiana metade calabresa .,O Card√°pio por favor üòä,A conta por favor ,Para entregar aqui na minha casa rua Itupiranga 333,Vou pagar no pix,Muito obrigado estava uma del√≠cia as pizzas de vcs .
06/04/2022 06:52:28,Conjunto de Teste,Eu vou querer uma gigante meia quatro queijos meia calabresa e uma coca,Ol√° Boa Noite gostaria de ver o card√°pio ,Qual o valor?,Vai ser entrega rua Oscar Leopoldo Durski Silva nmr 357 bairro paz e bem ,Cart√£o de d√©bito ,A minha pizza veio trocada pedi de quatro queijos e calabresa e veio portuguesa e frango
06/04/2022 06:56:41,Conjunto de Teste,"Eu quero 1 frango com Bacon com borda, 1 refrigerante 2litros",Qual sabores √© qual o valor ?,Qual o total ?,"Entregar na Rua Bento de Souza 522, nova capital","M√°quina de cart√£o, cr√©dito","Obrigado pelo atendimento, estava tudo muito bom"
06/04/2022 07:04:14,Conjunto de Teste,Gostaria uma metade calabresa e bacon e outra de quatro queijos e presunto ,Ol√° boa noite gostaria de pedir uma pizza! Oq vcs tem hoje ?,Quantos deu tudo?,Ser√° entrega ok? Ser√° no endere√ßo rua Rui Barbosa n√∫mero 1020,Vou pagar no cart√£o d√©bito ,"Obrigada,a pizza estava uma del√≠cia e o atendimento √© √≥timo "
06/04/2022 07:12:29,Conjunto de Teste,"Vai ser uma pizza de calabresa e uma bacon, para beber um guaran√° de 2 litros ","Boa noite, me v√™ o card√°pio ",Quanto ficou? ,Vou ir buscar ,Vai ser no cart√£o de d√©bito ,"Muito obrigado, √≥tima pizza! "
06/04/2022 07:29:10,Conjunto de Treino,Vou querer uma marguerita e frango com catupiry,Boa noite! Pode me mandar o card√°pio?,Quanto ficou meu pedido?,Entrega na minha casa rua Macei√≥ 78 bairro Jardim im√£ ,Vou pagar no pix,Muito obrigado! Venho r√°pido!
06/04/2022 07:49:11,Conjunto de Teste,Quero 1 pizza metade calabresa e metade M&M e uma coca 2 litros,Pode me enviar seu card√°pio?,Pode me enviar o total ?,"Entrega na rua Jos√© Carlos Silva de Almeida- 480, 
Apto E 11.","Quais as formas de pagamento ? Vou pagar no pix, caso tenha est√° op√ß√£o.","Obrigada, entrega r√°pida e pizza deliciosa."
06/04/2022 07:56:12,Conjunto de Teste,3 pizzas de marguerita e um suco,Quais os sabores?,Qual o valor total?,Vou retirar no local,Cart√£o de cr√©dito,Pizza Excelente 
06/04/2022 08:24:36,Conjunto de Teste,"2 pizzas meia a meia, Bacon, calabresa, frango com catupiry e quatro queijos ",Qual o valor da pizza X ,Qual o total?,"Entregar na rua Marechal Hermes, 693 - Vila Palmira ",Cart√£o de Cr√©dito ,
06/04/2022 08:30:14,Conjunto de Treino,Vou querer uma pizza de marguerita e uma coca,Pode me enviar o cardapio?,Quanto fica?,Pra entregar na rua 14 de julho 4465,Vai ser no d√©bito,"Muito boa a pizza, obrigada!"
06/04/2022 08:33:43,Conjunto de Treino,"Vou querer 2 pizzas, uma marguerita e uma quatro queijos. Pra beber uma √°gua, por favor","Queria o card√°pio, por favor",Quanto ficou?,Me avisa qd tiver pronta que eu venho buscar,"Vai ser no pix, pode ser?",A pizza veio fria
06/04/2022 08:38:32,Conjunto de Treino,Me ve uma portuguesa e uma romeu e julieta,Quais os sabores de pizza disponiveis?,Quanto deu o total?,Pra entregar na avenida cal√≥geras 1356,Vai ser no cr√©dito,"Obrigada, tava tudo √≥timo"
06/04/2022 08:49:24,Conjunto de Treino,"Mande uma portuguesa, uma de calabresa e uma de bacon",Card√°pio,Quanto ficou a conta?,Para entrega no endere√ßo av Costa e Silva 1500,Pagamento via pix,A pizza portuguesa estava muito seca
06/04/2022 08:52:17,Conjunto de Teste,"Quero 2 pizzas,1 de calabresa, e 1 quatro queijos  e tamb√©m um suco de laranja natural",Poderia me ver o card√°pio?,Me v√™ a conta por favor ,Vou retirar no local,Vou pagar no dinheiro,"A pizza estava uma del√≠cia, meu pedido veio tudo certinho, e a qualidade √© excelente!"
06/04/2022 08:53:28,Conjunto de Treino,Uma de brigadeiro e uma quatro queijos,Quais as op√ß√µes de pizzas?,A conta ,Comer aqui,Pagar com cart√£o de d√©bito,A pizza de brigadeiro estava com a massa queimada 
06/04/2022 09:24:12,Conjunto de Teste,"Quero 10 pizzas de calabresa, 4 baianas e 20 de brigadeiro. E me v√™ uma Coca litro.",Tem pizza de calabresa?,"Me pega a conta, por favor. ",Vou comer aqui mesmo,Vou pagar no d√©bito.,"Pizzas estavam √≥timas, com exce√ß√£o de uma das baianas."
06/04/2022 09:26:50,Conjunto de Treino,"Quero uma meia pizza portuguesa e meia Calif√≥rnia. Me tr√°s um guaran√° quando tiver pronto, por favor. ",Voc√™s podem fazer uma pizza salgada nas com borda doce?,Quanto saiu? Tem desconto?,Vou comer aqui.,Vou pagar 3x no cr√©dito. ,"A pizza em si estava boa, s√≥ senti falta da borda de chocolate. At√© mais."
06/04/2022 09:33:59,Conjunto de Teste,Eu gostaria de uma pizza de quatro queijos e uma coca cola de 2 litros ,"Ol√° boa noite, voc√™s poderiam me enviar o card√°pio ? ",Que valor total ? ,Voc√™s entregam ? Rua Benedito gomes 33 ,Vai ser cart√£o de cr√©dito ,"Muito obrigado, tenham uma boa noite "
06/04/2022 11:13:38,Conjunto de Teste,Vou querer duas pizzas de calabresa e 3 cocas,"Ol√°, poderia me enviar o card√°pio?",Ficou quanto?,Vou comer aqui,Vou pagar no pix,Obrigada!
06/04/2022 11:15:44,Conjunto de Teste,Vou querer uma pizza de bacon e um refrigerante,Eu gostaria de ver o card√°pio,Qual o valor?,"Entregar na rua dois, n√∫mero 123, Centro",Vou pagar no cr√©dito,Estava uma del√≠cia
06/04/2022 11:50:38,Conjunto de Teste,Quero uma pizza suspiro de fada e uma funada 2L ,Qual o seu card√°pio ,Qual o valor de tudo ,Endere√ßo rua Edmundo de Almeida 643 bairro se Pereira ,Pagamento no d√©bito ,Tava uma del√≠cia üòã
06/04/2022 12:28:34,Conjunto de Teste,Quero uma √°gua com g√°s e uma pizza de Frango com Catupiry ,Quais as op√ß√µes de pizza voc√™s t√™m?,Quanto deu?,Irei busca-l√° no balc√£o ,Vou pagar no Cart√£o de D√©bito ,"Muito obrigado, boa noite."
06/04/2022 22:16:48,Conjunto de Treino,2 baianas,Qual o sabor tem?,Qual o total?,Busco quando estiver pronta ,Pix?,Poha m√≥ boa
06/04/2022 22:19:13,Conjunto de Treino,Quero duas de calabresa e uma coca,Tem um card√°pio?,Me v√™ a conta ,"Avenida Fernando pessoa n√∫mero 235, venho buscar ",D√©bito ,Valeu!
06/04/2022 22:20:31,Conjunto de Treino,Quero uma quatro queijo ,O que tem no card√°pio?,Qual o valor da conta? ,"Rua Edmundo de Almeida n 389, quando estiver fria",Dinheiro ,Veio sem azeitona 
08/04/2022 04:45:21,Conjunto de Treino,Quero 2 guaran√°s e uma Pizza de Calabresa,Quais sabores voc√™s tem?,Pode fechar a conta.,"Rua Aeroporto 1200, Bairro Nova Campo Grande",Pagamento a vista.,Voltarei sempre aqui.
08/04/2022 04:48:19,Conjunto de Treino,Quero uma Calif√≥rnia e duas cervejas.,O que voc√™ tem a√≠?,Quanto vai ficar?,Quando estiver pronta eu vou buscar.,Pagamento na retirada.,"P√©ssimo, gastei dinheiro √† toa."
08/04/2022 16:29:33,Conjunto de Treino,"De pizza salgada eu quero uma de bacon e duas de calabresa e doce uma de Romeu e Julieta, para beber eu quero um suco e duas cocas",Tem card√°pio?,Conta,"Av. Das bandeiras, 297",Vou fazer pix,Pizza 10/10
08/04/2022 16:31:35,Conjunto de Treino,Quero uma √°gua e duas California ,"Cardapio, fazendo favor",Fecha a conta para mim,Vou buscar ,Vou pagar no cr√©dito ,"Pizza boa, vou pedir mais vezes"
08/04/2022 16:38:27,Conjunto de Treino,Duas margaritas e duas frango com catupiry,Quero o card√°pio ,Valor?,Vou comer ai,Vou pagar com dinheiro ,Amei muito 
08/04/2022 16:40:40,Conjunto de Treino,tem pizza de de frango com catupiry? tamb√©m quero um refri,queria ver o card√°pio,queria saber quanto que deu?,me avisa quando estiver pronta que vou a√≠ buscar,aceita cart√£o de cr√©dito?,eu adorei a pizza
08/04/2022 16:44:18,Conjunto de Treino,Uma mu√ßarela e uma napolitana 4 cervejas,Quero ver o card√°pio ,Fecha a conta para mim,Quando ficar pronto me avisa que eu busco ,D√©bito ,"N√£o curti muito hoje, espero que esteja melhor na pr√≥xima "
08/04/2022 16:52:38,Conjunto de Treino,queria uma pizza de Romeu e Julieta,oque tem pra hoje?,quanto deu?,vou retirar no local,queria pagar no pix aceita?,gostei muito 
08/04/2022 16:53:04,Conjunto de Treino,1 brigadeiro 1 Romeu e Julieta 1 Calif√≥rnia 3 quatro queijos 2 baiana ,Quero o card√°pio ,Total,"R. Das margaridas, 510",Cart√£o de cr√©dito ,Todos gostaram da pizza
08/04/2022 16:59:13,Conjunto de Treino,Uma pizza de brigadeiro acompanhado de uma coca,QUAIS S√ÉO AS OP√á√ïES DISPON√çVEIS?,Me v√™ a conta,Entregar na avenida Eduardo de Castilho 1082 centro,Vou pagar no dinheiro,Atendimento √≥timo 
08/04/2022 17:39:28,Conjunto de Treino,Me ve uma marguerita e uma bacon,"Opa, tem um menu para pizzas?
",Quanto da?,Para retirar,Pix,
08/04/2022 17:40:17,Conjunto de Treino,Duas bacon e uma coca,Cardapio?,Quanto deu?,Rua das am√©lias 677,"Dinheiro
",
08/04/2022 17:41:21,Conjunto de Treino,Uma pizza doce de brigadeiro,Tem card√°pio?,Me avisa quanto deu para fechar,Afonso pena 666,Cart√£o de d√©bito,
08/04/2022 17:44:39,Conjunto de Treino,"1 napolitana, 2 bacon e 1 romeu e julieta",Lista de pizza por favor,Quanto que da tudo?,Comer ai,Vai ser cart√£o,
08/04/2022 17:49:45,Conjunto de Treino,Me ve 1 inteira frango com catupiry,Quais pizza tem hoje?,Total de?,Rua rodolfo jose pinho 304,Pix,
08/04/2022 17:51:09,Conjunto de Treino,Quero uma portuguesa e uma presunto,Me ve o cardapio,Quanto vai fica essa brincadeira?,Rua Para√≠ba 27,Cart√£o de cr√©dito,
08/04/2022 17:52:26,Conjunto de Treino,Uma baiana e uma portuguesa,Me ve o menu,Quando te devo?,Retirada,Dinheiro,
08/04/2022 17:54:01,Conjunto de Treino,"1 calabresa, 1 portuguesa, 1 marguerita,1 frango com catupiry",Quais pizza vc tem?,Fecha a conta,Retirada,Vai ser no d√©bito,
08/04/2022 18:12:08,Conjunto de Treino,6 quatro queijos e 3 de brigadeiros,Tem menu?,Nao esquece de me fala quanto deu,Quintino bocaiuva 1031 ,Vai ser cr√©dito,
08/04/2022 18:13:24,Conjunto de Treino,Um coca 2L,Tem menu?,Valor total de?,Rua da reden√ß√£o 75,Aceita pix?,
08/04/2022 18:14:27,Conjunto de Treino,1 baiana e uma presunto,Cardapio,Quanto?,Retirada,Vai ser d√©bito,
08/04/2022 18:27:25,Conjunto de Treino,Margarida frango catupiry,Me v√™ o cardapio,Me v√™ a conta,Quando tiver pronta venho buscar,Aceita pix,Muito obrigado 
08/04/2022 18:28:04,Conjunto de Treino,1 de presunto ,Card√°pio ,Quanto fica?,"Entregar no endere√ßo Av. Sol nascente, 319","Beleza, ent√£o quero pagar no cr√©dito ",Melhor pizza do mundo 
08/04/2022 18:28:40,Conjunto de Treino,Calabresa,O que tem dispon√≠vel,A conta por favor,Quer8 comer aqui,Aceita pix,A pizza estava otima
08/04/2022 18:30:28,Conjunto de Treino,Duas pizzas de presunto e uma baiana,Manda o Menu,Pre√ßo?,"Entrega para mim na avenida F√°bio Zaran, n√∫mero 539",Cart√£o de d√©bito ,Nota 9
08/04/2022 18:31:37,Conjunto de Treino,Ent√£o eu quero tr√™s de presunto e quatro Calif√≥rnia ,O que tem para hj?,Valor da conta,Vou a√≠ para buscar ,Pagamento via pix,Nota 10
08/04/2022 18:39:18,Conjunto de Treino,Quero uma pizza de Quatro queijos,Qual √©  o card√°pio por favor,Qual valor que ficou ?,"Rua bom sucesso 123, joquei club ",Pode ser no pix ,Linda pizza 
08/04/2022 18:40:56,Conjunto de Treino,Me ve duas pizza de calabresa,Quais s√£o as pizza que voc√™s trabalham,Me ve o valor que ficou,"Av das bandeiras, 157",Vou pagar no d√©bito,"√ìtima pizza, muito saborosa"
08/04/2022 18:44:21,Conjunto de Treino,Quero um de bacon,"Qual sabores de pizza voc√™s tem, pode me enviar o card√°pio",Quanto deu,"Av Bar√£o do Rio Branco, 28 ",Vou pegar no dinheiro,Pizza maravilhosa
08/04/2022 18:44:21,Conjunto de Treino,Uma de presunto e 2 sucos,Manda o menu,Quero ver quanto deu,Vou come ai,Dinheiro mesmo,Suas pizzas s√£o maravilhosas
08/04/2022 18:46:31,Conjunto de Treino,Me ve duas napolitana,Manda a boa do dia,Quanto deu tudo,"Av S√£o Jos√© 1234, centro",Vou pagar com pix,"Muito boa, parab√©ns"
08/04/2022 18:46:52,Conjunto de Treino,Uma cerveja e duas pizzas de bacon,Quero ver o menu,Quanto fica,"Minha casa fica na rua das primaveras, 726",Vou pagar no cart√£o de d√©bito,Chegou meio fria em casa
08/04/2022 18:47:27,Conjunto de Treino,Me ve uma de presunto,Me ve o card√°pio por favor,Conta por favor,"Av ufms, 123",Pix,Uma del√≠cia
08/04/2022 18:49:16,Conjunto de Treino,"Duas de quatro queijos, um refri e um suco",Mostrar card√°pio ,Mostrar conta ,"Entrega no condom√≠nio vitalita, apt 06, bloco c",Credito,Pizza mediana
08/04/2022 18:57:00,Conjunto de Treino,"Meu pedido √© 5 pizzas de frango com catupiry e 3 de portuguesa, para beber 2 cocas, 3 refri e 4 sucos",Mostra o card√°pio ,Quero a conta,"N√£o quero que entrega, vou pegar ai",Quero pagar no cart√£o de d√©bito ,Pizza muito boa
08/04/2022 18:58:32,Conjunto de Treino,Uma coca e uma de brigadeiro ,O card√°pio ,Soma quanto deu para mim,"Entrega na rua das margaridas, 524",Pagar no dinheiro ,Pizza sensacional 
08/04/2022 19:06:01,Conjunto de Treino,2 Mu√ßarela e 1 √°gua ,Menu,Soma tudo,Vou comer no estabelecimento ,Pix,Gostei
08/04/2022 19:09:29,Conjunto de Treino,Quero uma coca e uma pizza napolitana ,Quero ver o card√°pio ,Mostrar conta ,Entrega na pra√ßa do j√≥quei clube ,Pagamento no pix,Amei
08/04/2022 19:10:43,Conjunto de Treino,Gostaria de tr√™s pizzas marguerita ,Gostaria de ver o card√°pio ,A conta,Vou buscar ,Credito ,Estou satisfeita com a pizza 
08/04/2022 19:43:36,Conjunto de Treino,Uma marguerita ,"O card√°pio, pfv",Total da conta,"Entrega na travessa Lydia bais, 38",Posso passar cart√£o?,A pizza estava muito saborosa
08/04/2022 19:46:18,Conjunto de Treino,"uma de frango com catupiry, uma coquinha",O que tem para hj?,Quanto ficou?,Entregar no parque das na√ß√µes,Pagamento no dinheiro ,Bel√≠ssima pizza
08/04/2022 20:19:33,Conjunto de Treino,Duas de Romeu e Julieta ,Quero ver o menu ,Quero saber o valor,"Entrega para mim na Av. Bom sucesso, 789",Pagar no cart√£o ,Uma pizza externamente fabulosa
08/04/2022 20:22:13,Conjunto de Treino,Duas portuguesas e um suco ,Menu pf,Soma a conta para mim,Entrega na rua A casa 2,D√©bito ,Pizza horr√≠vel 
08/04/2022 20:29:33,Conjunto de Treino,Uma pizza Calif√≥rnia e dois sucos,Ver menu,Manda a conta,Quando tiver pronto eu busco,Vou de pix,Da para melhorar 
08/04/2022 20:31:22,Conjunto de Treino,Ent√£o eu quero uma pizza de brigadeiro e duas cervejas ,Que pizza tem a√≠?,O total deu quanto?,Quero comer ai,Credito,Poderia ser maior
08/04/2022 20:33:55,Conjunto de Treino,Uma de presunto e duas √°guas ,Qual √© a boa,Valor,"Entrega na rua dos ypes, 367",Pagar no cart√£o ,Valeu